Workbook

Sheet Basic_Practice
A1: Employee ID | B1: Employee Name | C1: Department | D1: Email | E1: Phone | F1: Joining Date | G1: Salary(Text) | H1: City
A2: EMP-1001 | B2: rahul sharma | C2: it | D2: RAHUL.SHARMA@GMAIL.COM | E2: 9876543210 | F2: 01/07/2025 | G2: 45000 | H2: Nashik
A3: EMP-1002 | B3: PRIYA SINGH | C3: hr | D3: PRIYA@YAHOO.COM | E3: 9988776655 | F3: 15/08/2024 | G3: 52000 | H3: Pune
A4: EMP-1003 | B4: amIt paTel | C4: finance | D4: AMIT@COMPANY.IN | E4: 9123456789 | F4: 10/01/2023 | G4: 61000 | H4: Mumbai
A5: EMP-1004 | B5: rohit deshmukh | C5: sales | D5: ROHIT@ABC.COM | E5: 9012345678 | F5: 22/11/2022 | G5: 48000 | H5: Nagpur
A6: EMP-1005 | B6: Sneha JOSHI | C6: marketing | D6: SNEHA@XYZ.COM | E6: 9765432109 | F6: 05/03/2021 | G6: 70000 | H6: Aurangabad

Sheet Exercises
A1: Text Functions Practice Tasks
A2: 1. Extract employee prefix using LEFT().
A3: 2. Extract employee number using MID().
A4: 3. Extract last 4 digits of phone using RIGHT().
A5: 4. Count employee name characters using LEN().
A6: 5. Remove extra spaces using TRIM().
A7: 6. Convert names to PROPER case.
A8: 7. Convert departments to UPPER case.
A9: 8. Convert emails to LOWER case.
A10: 9. Create Full Label using CONCAT().
A11: 10. Join City, Department and Employee ID using TEXTJOIN().
A12: 11. Format Joining Date as dd-mmm-yyyy using TEXT().
... A17: 16. Mask Employee ID prefix using REPLACE().

Sheet Expected Output
A1: Employee ID | B1: Employee Name | C1: Department | D1: Email | E1: Phone | F1: Joining Date | G1: Salary (Text to Value) | H1: City | I1: EMP Name Char Count | J1: Concatt | K1: Find
A2: =LEFT(Basic_Practice!A2,3) -> EMP | B2: =PROPER(TRIM(Basic_Practice!B2)) -> Rahul Sharma | C2: =UPPER(Basic_Practice!C2) -> IT | D2: =LOWER(Basic_Practice!D2) -> rahul.sharma@gmail.com | E2: =RIGHT(Basic_Practice!E2,4) -> 3210 | F2: =TEXT(Basic_Practice!F2,"dd-mm-yyyy") -> 01-07-2025 | G2: =VALUE(Basic_Practice!G2) -> 45000 | H2: =PROPER(TRIM(Basic_Practice!H2)) -> Nashik | I2: =LEN(Basic_Practice!B2) -> 17 | J2: =CONCATENATE(Basic_Practice!A2, "-", PROPER(TRIM(Basic_Practice!B2))) -> EMP-1001-Rahul Sharma | K2: =FIND("@",Basic_Practice!D2) -> 13
A3: =LEFT(Basic_Practice!A3,3) -> EMP | B3: =PROPER(TRIM(Basic_Practice!B3)) -> Priya Singh | C3: =UPPER(Basic_Practice!C3) -> HR | D3: =LOWER(Basic_Practice!D3) -> priya@yahoo.com | E3: =RIGHT(Basic_Practice!E3,4) -> 6655 | F3: =TEXT(Basic_Practice!F3,"dd-mm-yyyy") -> 15-08-2024 | G3: =VALUE(Basic_Practice!G3) -> 52000 | H3: =PROPER(TRIM(Basic_Practice!H3)) -> Pune | I3: =LEN(Basic_Practice!B3) -> 11 | J3: =CONCATENATE(Basic_Practice!A3, "-", PROPER(TRIM(Basic_Practice!B3))) -> EMP-1002-Priya Singh | K3: =FIND("@",Basic_Practice!D3) -> 6
A4: =LEFT(Basic_Practice!A4,3) -> EMP | B4: =PROPER(TRIM(Basic_Practice!B4)) -> Amit Patel | C4: =UPPER(Basic_Practice!C4) -> FINANCE | D4: =LOWER(Basic_Practice!D4) -> amit@company.in | E4: =RIGHT(Basic_Practice!E4,4) -> 6789 | F4: =TEXT(Basic_Practice!F4,"dd-mm-yyyy") -> 10-01-2023 | G4: =VALUE(Basic_Practice!G4) -> 61000 | H4: =PROPER(TRIM(Basic_Practice!H4)) -> Mumbai | I4: =LEN(Basic_Practice!B4) -> 12 | J4: =CONCATENATE(Basic_Practice!A4, "-", PROPER(TRIM(Basic_Practice!B4))) -> EMP-1003-Amit Patel | K4: =FIND("@",Basic_Practice!D4) -> 5
A5: =LEFT(Basic_Practice!A5,3) -> EMP | B5: =PROPER(TRIM(Basic_Practice!B5)) -> Rohit Deshmukh | C5: =UPPER(Basic_Practice!C5) -> SALES | D5: =LOWER(Basic_Practice!D5) -> rohit@abc.com | E5: =RIGHT(Basic_Practice!E5,4) -> 5678 | F5: =TEXT(Basic_Practice!F5,"dd-mm-yyyy") -> 22-11-2022 | G5: =VALUE(Basic_Practice!G5) -> 48000 | H5: =PROPER(TRIM(Basic_Practice!H5)) -> Nagpur | I5: =LEN(Basic_Practice!B5) -> 16 | J5: =CONCATENATE(Basic_Practice!A5, "-", PROPER(TRIM(Basic_Practice!B5))) -> EMP-1004-Rohit Deshmukh | K5: =FIND("@",Basic_Practice!D5) -> 6
A6: =LEFT(Basic_Practice!A6,3) -> EMP | B6: =PROPER(TRIM(Basic_Practice!B6)) -> Sneha Joshi | C6: =UPPER(Basic_Practice!C6) -> MARKETING | D6: =LOWER(Basic_Practice!D6) -> sneha@xyz.com | E6: =RIGHT(Basic_Practice!E6,4) -> 2109 | F6: =TEXT(Basic_Practice!F6,"dd-mm-yyyy") -> 05-03-2021 | G6: =VALUE(Basic_Practice!G6) -> 70000 | H6: =PROPER(TRIM(Basic_Practice!H6)) -> Aurangabad | I6: =LEN(Basic_Practice!B6) -> 13 | J6: =CONCATENATE(Basic_Practice!A6, "-", PROPER(TRIM(Basic_Practice!B6))) -> EMP-1005-Sneha Joshi | K6: =FIND("@",Basic_Practice!D6) -> 6
A7: =LEFT(Basic_Practice!A7,3) | B7: =PROPER(Basic_Practice!B7)
